rank,issue_id,complaint_count,severity_sum,mean_severity,priority_score
1,other.general,90127,178774,1.983579,178774
2,playback.general,35331,117894,3.336843,117894
3,billing.paywall_named_feature,22790,68708,3.014831,68708
4,usability.ads,27830,64246,2.308516,64246
5,usability.general,19755,49361,2.498659,49361
6,billing.premium_other,16507,40670,2.463803,40670
7,usability.playback_controls,9576,28590,2.985589,28590
8,access.login,7013,27577,3.932269,27577
9,catalog.general,9480,26823,2.829430,26823
10,billing.general,10381,25444,2.451016,25444
11,usability.playlists,6962,20905,3.002729,20905
12,usability.update_changes,5099,13772,2.700922,13772
13,downloads.general,4241,13648,3.218109,13648
14,playback.crashes,3468,12456,3.591696,12456
15,catalog.lyrics,4204,12270,2.918649,12270
16,access.general,1966,7287,3.706511,7287
17,billing.subscription,2714,7108,2.619013,7108
18,playback.podcasts,2017,6693,3.318294,6693
19,downloads.offline,1705,5673,3.327273,5673
20,catalog.search,1696,5270,3.107311,5270
21,playback.devices,1184,3872,3.270270,3872
22,catalog.recommendations,1422,3803,2.674402,3803
23,access.account,927,3600,3.883495,3600
24,billing.charges_refunds,841,3087,3.670630,3087
25,usability.devices,1125,2926,2.600889,2926
26,billing.price,1183,2543,2.149620,2543
27,catalog.podcasts_audiobooks,547,1567,2.864717,1567
28,support.general,532,1492,2.804511,1492
